config,case_id,WT_dice,WT_hd95,WT_sensitivity,WT_specificity,TC_dice,TC_hd95,TC_sensitivity,TC_specificity,ET_dice,ET_hd95,ET_sensitivity,ET_specificity
baseline_unet,BraTS2021_00583,0.9582549661196126,2.23606797749979,0.9393353916870292,0.9991391961416276,0.8779330534195057,7.280109889280518,0.8182531206194513,0.9993131092744516,0.8409093853230897,2.449489742783178,0.8295294809211031,0.9986027029517309
baseline_unet,BraTS2021_00310,0.9367977175978937,3.0,0.9610308111722649,0.9973718371951955,0.94167925750059,2.449489742783178,0.9623936752197084,0.9986381390570762,0.84575800355225,3.1622776601683795,0.926099531265583,0.9968979270274263
baseline_unet,BraTS2021_00472,0.891910781779145,3.7416573867739413,0.8169049098819142,0.9996886553703184,0.7936831380545522,6.164414002968976,0.7407166449804824,0.9993572808018191,0.7038056839428468,3.7416573867739413,0.64245960502693,0.9994793829527379
baseline_unet,BraTS2021_01230,0.8198124143749187,13.549715216733514,0.928970623358013,0.9982896456718372,0.4214687688971608,3.7545745174351737,0.3015239236041791,0.9995300948492543,0.5176844615212763,5.656854249492381,0.4210753151600043,0.9995389582678742
baseline_unet,BraTS2021_00222,0.9396922072980051,1.4142135623730951,0.9852329095159359,0.999498837143561,0.7489507821490089,2.449489742783178,0.7461041429114406,0.99983485468359,0.7601089461604837,2.8284271247461903,0.7083170636470129,0.9998985699639159
baseline_unet,BraTS2021_00520,0.87069511710584,5.477225575051661,0.988057518888618,0.9968751437174184,0.9355341318534641,1.7320508075688772,0.9969904524699045,0.9996526179462666,0.8446127366619992,2.0,0.9769071508201943,0.9994339684839441
baseline_unet,BraTS2021_00327,0.937145888082582,2.23606797749979,0.9869891118875437,0.9966588249206065,0.8468243529441407,21.863211109075447,0.9850630154037654,0.9981699141447038,0.9001074626868057,22.095202449920148,0.981511379615645,0.9989358327734038
baseline_unet,BraTS2021_01416,0.9291102124073232,3.1622776601683795,0.9053028211781593,0.996941916819749,0.8199264720574737,9.305691022807709,0.7638747987304897,0.9966605401545032,0.7536188026431093,10.63014581273465,0.8611508137765688,0.9943589990396013
baseline_unet,BraTS2021_00099,0.8631974217549011,7.3484692283495345,0.8790384065567521,0.9959615087693389,0.8742607226284125,9.219544457292887,0.9474336187860182,0.9987781933236821,0.7372970141446774,7.2869458231873825,0.8356421927567782,0.9986998112831433
baseline_unet,BraTS2021_00511,0.9481202722942529,1.7320508075688772,0.9701140776967592,0.9983316675822248,0.9335746002413522,8.774964387392123,0.9380286775324943,0.9993372166589266,0.8474504648327368,1.4142135623730951,0.9483003204959807,0.9986882715682268
baseline_unet,BraTS2021_01088,0.9314447315814242,5.916079783099616,0.9944817533447863,0.9992931372403043,0.8889845094688257,1.5572403227111753,0.885934819897084,0.999934981508741,0.8566878980924321,1.7320508075688772,0.8865348399246704,0.9998988367000687
baseline_unet,BraTS2021_01639,0.9710280333593225,1.4142135623730951,0.9748348836405132,0.9989145527263547,0.9013975155280121,10.04987562112089,0.8452361381836969,0.9992762033823399,0.87937288339561,3.0,0.8369163312718825,0.9988617014903144
baseline_unet,BraTS2021_00804,0.9723269178406176,1.4142135623730951,0.9602219119145564,0.9991075455692212,0.9632714521172578,1.4142135623730951,0.95914039495367,0.9993491313763339,0.924166091666187,1.4142135623730951,0.9195162321784599,0.9989861582438008
baseline_unet,BraTS2021_01605,0.9193827250535549,7.874007874011811,0.9703591675571897,0.9957515031815815,0.16266332321637414,31.448370387032774,0.9887685519454472,0.9865088602461614,0.4552786681860445,18.708286933869708,0.9863351254480287,0.9972130165298052
baseline_unet,BraTS2021_01421,0.9464399295223948,2.0,0.9428829471874841,0.9978912641670045,0.9456338757716303,2.23606797749979,0.9423593934831702,0.999289807166683,0.8526089902871534,2.23606797749979,0.8622829728906488,0.9987387949429659
baseline_unet,BraTS2021_00341,0.8682137534599101,3.7416573867739413,0.9019584187879519,0.9986814372243756,0.8671855129972675,7.0710678118654755,0.8841406493102375,0.9995513781608847,0.8317744868808017,7.280109889280518,0.923154555940023,0.9993828205072813
baseline_unet,BraTS2021_00311,0.9212690951823275,2.23606797749979,0.9868475133579943,0.9992086969615218,0.8922152690868975,5.0,0.8861376292760541,0.9997371402106634,0.8384914171166615,1.7320508075688772,0.8698817106460418,0.9995890132852694
baseline_unet,BraTS2021_01120,0.9505466269013566,19.44222209522358,0.970474541915926,0.9975769339440015,0.8305291789502496,9.848857801796104,0.7416586671320942,0.9990848841964184,0.8660984794859896,2.0,0.8996470588235295,0.9982035252029429
baseline_unet,BraTS2021_01170,0.7605623736498333,8.602325267042627,0.7286537351683932,0.9942479723667333,0.35070604245206033,31.627518832912468,0.6433666191155493,0.9908608618214031,0.427772834099008,25.694356178737163,0.6335924298749578,0.994250000658129
baseline_unet,BraTS2021_01659,0.9530710348619362,1.4142135623730951,0.9271085452563302,0.9990386794570634,0.9439042521558549,2.23606797749979,0.9066721887406815,0.9996475949663595,0.9206019023335286,2.23606797749979,0.8745079916498016,0.9994468255400405
baseline_unet,BraTS2021_01159,0.8241167434719038,5.0990195135927845,0.8730675345809601,0.9982126506120869,0.2700276243345985,92.25941394250505,0.4768292682926829,0.9995284418150372,0.6452145214814179,2.449489742783178,0.4768292682926829,0.9999997201435105
baseline_unet,BraTS2021_01094,0.8043423569349148,88.4618560512854,0.9582132446524613,0.9886557513062545,0.3242837890717251,119.56797213576971,0.9919547872340425,0.9866916449875716,0.6114460318787206,122.70533752260165,0.8087383943200437,0.9983594636073594
baseline_unet,BraTS2021_00367,0.915006100040713,2.23606797749979,0.9611879428584448,0.996813372406839,0.81366761225737,8.06225774829855,0.9721526717557252,0.9982569311532434,0.8314191960628401,4.69041575982343,0.9422898127241334,0.9987546404620246
baseline_unet,BraTS2021_00306,0.9583387910775835,2.449489742783178,0.9896403564608529,0.9985813114934053,0.9323223692038849,4.123105625617661,0.8922611900128359,0.9996872521852251,0.8672104812970871,3.605551275463989,0.8397236475293928,0.9992927257223975
baseline_unet,BraTS2021_01394,0.918955404082253,4.609535711172738,0.9253331291162505,0.9986866854610259,0.7753528060405698,20.904544960366874,0.9997884045704613,0.9992331464530572,0.8000000000018174,20.91649724841161,0.9984123383987299,0.9993853389614694
baseline_unet,BraTS2021_01459,0.5768461258645919,74.13838220333767,0.8655840611353712,0.9930555439643071,0.6307958145357071,71.11961754677819,0.5531610404916238,0.9993386542446108,0.7855997862691317,2.449489742783178,0.6673096561897197,0.9999229455210975
baseline_unet,BraTS2021_00134,0.9202221033005585,3.0,0.8557011454906212,0.9998240879494491,0.6918287393313676,12.041594578792296,0.5402644230769231,0.9993590222086635,0.7447771587754841,22.704622409510762,0.7133566783391696,0.9993607893540073
baseline_unet,BraTS2021_01070,0.841450754868175,17.09383450486692,0.7845917847860454,0.9970166392947098,0.5993003418104915,7.615773105863909,0.502091066359865,0.9974841823751023,0.6082779346152257,4.898979485566356,0.7783604264988638,0.9967693545241693
baseline_unet,BraTS2021_01561,0.8288420045321084,73.00684899377592,0.9425110358279437,0.9952827806459429,0.8250569927647436,90.99285677787893,0.9047826086956522,0.9980775025787832,0.8071385885809552,91.17291177803999,0.8475668891551144,0.9987190135362777
baseline_unet,BraTS2021_01175,0.9391298932183026,3.0,0.8932827823164788,0.9994308224817693,0.9041670583230328,4.242640687119285,0.8254609179516363,0.999983866469684,0.8908793197553124,7.280109889280518,0.8114945416104081,0.9996779493597483
baseline_unet,BraTS2021_01482,0.498119815461854,112.21920509215056,0.7378046752901274,0.99101337354287,0.027059264563858296,113.70048369746641,0.13670798898071626,0.993686842975431,0.1671285440382194,112.61394229057858,0.2679425837320574,0.9993127309324636
baseline_unet,BraTS2021_01037,0.9199536615267252,5.477225575051661,0.9508129388242224,0.9962538718396725,0.7669861051229301,9.433981132056603,0.686075445406589,0.998989509659379,0.6978373547821346,4.0,0.7045110068567304,0.9989420891494363
baseline_unet,BraTS2021_00791,0.9395829692268598,4.242640687119285,0.8984432246204476,0.9994254265138731,0.9237956929662701,5.385164807134504,0.9351244704926595,0.9988121415479065,0.9240717087857814,2.0,0.8745817593092283,0.9997823637656201
baseline_unet,BraTS2021_01042,0.9477901167785828,3.0,0.9692116463406698,0.9964645663378999,0.8332084123276459,8.54400374531753,0.8588906866398822,0.9967211553245727,0.7566505924060987,3.3166247903554,0.9524824120603015,0.9959034104734332
baseline_unet,BraTS2021_00557,0.9585589028300123,2.0,0.9921770277100226,0.9990430281308732,0.8600296376137678,3.1622776601683795,0.8986486486486487,0.9996374733010298,0.8396472238941707,1.7320508075688772,0.7944244263227764,0.9998623178312817
baseline_unet,BraTS2021_00506,0.9087526549427624,8.54400374531753,0.9959335779982783,0.9959238554135103,0.8815359752197893,11.313708498984761,0.8711094106100178,0.9985191555862784,0.7874839562837161,4.58257569495584,0.852972153178582,0.9982735501523468
baseline_unet,BraTS2021_01314,0.9441125977214113,2.23606797749979,0.9447560092570244,0.9988447921625508,0.42754484826848194,10.488088481701515,0.8497739416358405,0.9970593370172658,0.22911169746637838,13.760340730624133,0.1734931734931735,0.9997089881455298
baseline_unet,BraTS2021_00733,0.93919844301885,8.94427190999916,0.9555571852884016,0.9982771476088185,0.8739076514869294,10.04987562112089,0.8060706020057993,0.9996182633924833,0.8663237229336851,1.7320508075688772,0.8768768768768769,0.9992040992677713
baseline_unet,BraTS2021_01662,0.9146641475271523,4.242640687119285,0.9876110331930809,0.9949537798927249,0.9320346713071578,5.0990195135927845,0.9039079871386752,0.9993099756700016,0.88678286346395,2.0,0.8690123926991474,0.999049892726367
baseline_unet,BraTS2021_00124,0.8656203105578494,13.892443989449804,0.7634161857590767,0.9999781809393161,0.9140007176827415,5.196152422706632,0.8685330501817178,0.9989810383450346,0.6043869658935764,11.74734012447073,0.9165747981028073,0.9882677556307311
baseline_unet,BraTS2021_01162,0.8706148494355718,5.0990195135927845,0.858605332502673,0.9963719991766011,0.8855745613067081,14.739221029353928,0.8866536689117335,0.9993163680278957,0.8651414962887559,3.605551275463989,0.8515286020647349,0.9993866264165309
baseline_unet,BraTS2021_00419,0.7695519235731061,12.36931687685298,0.9734389561975769,0.995096235555906,0.8326605927814977,49.25037249861058,0.9322143318269851,0.9993535752834601,0.6889317781346905,48.52164440581263,0.919167039856695,0.9990908666057318
baseline_unet,BraTS2021_00599,0.9612118855971685,2.0,0.9746895550737362,0.9980967302112678,0.9237290665394136,3.0,0.9509234504163978,0.9989048907088409,0.8967547022709351,2.23606797749979,0.924523752109959,0.9989367319762231
baseline_unet,BraTS2021_01536,0.8676568699744832,5.0990195135927845,0.9912150507441133,0.9960193555369791,0.7056116925311007,6.6332495807108,0.7256448320653183,0.9990396553199435,0.6683260734390689,3.605551275463989,0.5131390348781654,0.9999873827501793
baseline_unet,BraTS2021_00581,0.9319149534155183,4.242640687119285,0.95790842120468,0.995630177314455,0.919300199545285,13.287150385043539,0.9305275024660623,0.9981116943646499,0.8995443247722664,2.0,0.9215719560327632,0.9981194034712729
nnunet_style,BraTS2021_00583,0.9585403090191503,2.8284271247461903,0.9375422246636234,0.999242112762739,0.9228313865797443,3.7416573867739413,0.8780788999399239,0.9996260150349966,0.8734583361539654,2.8284271247461903,0.8244690367265571,0.999382659172579
nnunet_style,BraTS2021_00310,0.932546187808665,2.8284271247461903,0.9539015482742658,0.9973372600277511,0.9548189073051347,2.0,0.9606995376416193,0.9991385287071687,0.8780125355034238,2.23606797749979,0.913333998204847,0.9980354124021956
nnunet_style,BraTS2021_00472,0.889377070141746,4.123105625617661,0.8127159726538222,0.9996889150405683,0.8840796019903702,3.3166247903554,0.80037033329997,0.9999475905188436,0.7715577732742266,3.0,0.6662477558348294,0.9998273112488993
nnunet_style,BraTS2021_01230,0.7993201408283774,11.789826122551595,0.9434917602101743,0.9978844597767627,0.8463294639703967,3.3166247903554,0.8757569707859186,0.9992957468867877,0.6344804728518231,2.8284271247461903,0.6187910785475703,0.9992563920936536
nnunet_style,BraTS2021_00222,0.9473305670817501,1.4142135623730951,0.9762814299560978,0.9996193311228274,0.7571625555422528,3.9483314773547766,0.9391866210566324,0.999636833216228,0.82962394474617,2.0,0.8442014837953924,0.9998753786742585
nnunet_style,BraTS2021_00520,0.8890239858517862,4.47213595499958,0.9801364854984158,0.9975043892990377,0.9727277361473583,1.0,0.9901411374014114,0.9998819705763377,0.9062311860332162,1.4142135623730951,0.9589106545628284,0.999735208741542
nnunet_style,BraTS2021_00327,0.9549258769059918,1.4142135623730951,0.985628097830503,0.9977981332172042,0.9066200086287651,4.123105625617661,0.9809138530159224,0.9990192096464401,0.9235167977128471,5.0,0.9420342690484871,0.9994765342508671
nnunet_style,BraTS2021_01416,0.9313303805657817,3.0,0.9040468172031138,0.9973703204673,0.7886638555244332,9.848857801796104,0.6893422558938228,0.9980250909752661,0.8485478958433266,14.594519519326424,0.9120060860343954,0.9968410762473151
nnunet_style,BraTS2021_00099,0.866881819212287,6.4031242374328485,0.8655651386638712,0.9966343363600912,0.9510338469644382,4.58257569495584,0.9723164754672268,0.999597617536815,0.8772350318782549,1.4142135623730951,0.9054027310508609,0.9995210459282637
nnunet_style,BraTS2021_00511,0.9496369964108397,2.0,0.9646259557188223,0.9985359136745663,0.977624295100655,1.0,0.9746492675881989,0.9998214572103203,0.9158492514199384,1.0,0.9320653601639258,0.9995320693098843
nnunet_style,BraTS2021_01088,0.9280066178440233,6.300534122731577,0.9928158675620803,0.99926309687912,0.9066193853446293,1.4142135623730951,0.9867066895368782,0.9998847872334892,0.8716773602229222,1.4142135623730951,0.8954802259887006,0.9999120997548155
nnunet_style,BraTS2021_01639,0.9687153762268402,1.7320508075688772,0.9599138974376707,0.9992793062234964,0.9658373113457942,2.0,0.9408186749958902,0.9998229967773012,0.92890563181621,1.4142135623730951,0.8834953044730212,0.9996794511083152
nnunet_style,BraTS2021_00804,0.9784301466409054,1.4142135623730951,0.974515982941465,0.9989513518958573,0.9793677886256712,1.0,0.9687981197828025,0.9998061010627405,0.9562123330601647,1.0,0.9325884964074784,0.9997408529485357
nnunet_style,BraTS2021_01605,0.9248491497531869,8.602325267042627,0.961927876691239,0.996424998617418,0.19924865468738095,33.142871687184666,0.9839550742077818,0.9895282677961971,0.4950834667305335,16.667323573063353,0.9699820788530465,0.997685805992959
nnunet_style,BraTS2021_01421,0.9516036467981723,2.0,0.9540849399477046,0.9978262370708327,0.941843597520834,2.8284271247461903,0.9216474889773094,0.9995033469117304,0.8838877300840123,1.4142135623730951,0.9196618946085897,0.9987319096554482
nnunet_style,BraTS2021_00341,0.8837875518040454,2.449489742783178,0.9304701009369848,0.998685962148108,0.9273268583145721,4.58257569495584,0.98537496110362,0.9995952193847876,0.8876596865541442,3.1854297296963763,0.9717416378316033,0.999546941646084
nnunet_style,BraTS2021_00311,0.9386707096397059,1.7320508075688772,0.9860768598438142,0.9994152147680622,0.9681082148500785,1.0,0.9750397772474145,0.9998969944277897,0.9324829274582368,1.0,0.9407253347198752,0.9998457170988455
nnunet_style,BraTS2021_01120,0.9492086241827687,13.19090595827292,0.962268043086361,0.9977873973192684,0.9493924220797748,5.385164807134504,0.9142013555574948,0.9997592116553569,0.9088647533524834,1.4142135623730951,0.8811176470588236,0.9994158336997991
nnunet_style,BraTS2021_01170,0.8213949970285691,5.477225575051661,0.7435709324960139,0.9979458759474771,0.5294541642109644,18.772292769218705,0.5239268577357022,0.9979462610834614,0.5668204387802697,18.466185312619388,0.5439675566069618,0.998375445297347
nnunet_style,BraTS2021_01659,0.9612253384148675,1.4142135623730951,0.9589021371711451,0.9981063596455896,0.9554282169810256,2.0,0.9238953471766016,0.9997535604759803,0.9401047978004662,1.4142135623730951,0.8963077462432075,0.9997705247369119
nnunet_style,BraTS2021_01159,0.8266420608620317,7.810249675906654,0.850439769072804,0.9984933507051744,0.010760401757146328,90.91204440832256,0.018292682926829267,0.9994534402758266,0.03592814382803256,6.4031242374328485,0.018292682926829267,1.0
nnunet_style,BraTS2021_01094,0.6489126199103872,88.50790921007858,0.9639857125261732,0.9730794683453451,0.2189654539452851,118.25819210524064,0.9914228723404256,0.9772141093913196,0.37345346381132594,118.74342087037917,0.9462588749317313,0.9938791006716153
nnunet_style,BraTS2021_00367,0.9127144766633499,2.23606797749979,0.9529060627463489,0.9969180521362198,0.888598682716646,4.358898943540674,0.9557251908396946,0.9991841876750879,0.8988185300843485,1.4142135623730951,0.9270819497941294,0.9994786570613797
nnunet_style,BraTS2021_00306,0.9680512204882209,1.4142135623730951,0.9624283895607894,0.9995134817169352,0.965925428424546,1.4142135623730951,0.9527969856320649,0.9997127947417974,0.9102276303369135,1.0,0.8764494363864086,0.9996398741063584
nnunet_style,BraTS2021_01394,0.9141390282816984,4.58257569495584,0.9817736253637617,0.9975349441053333,0.8497931282618295,22.345019465081442,0.9995768091409225,0.9995326592194737,0.8401508558181979,22.018172436436185,0.9852574279882059,0.9995551131589852
nnunet_style,BraTS2021_01459,0.5429486250384845,89.8276126811795,0.9371815866084425,0.9907346051065662,0.8522078937090574,65.26101439603893,0.9179223840390606,0.9992213097586504,0.8952360305680167,41.30375285612676,0.9371383183932827,0.9996177765237176
nnunet_style,BraTS2021_00134,0.9224676427119847,2.8284271247461903,0.8645316293605665,0.9995739201890863,0.32352790784361707,23.2163735324878,0.20164080710955712,0.9986671989216428,0.6879883000435362,21.095023109728988,0.7452059363014841,0.9986691455181743
nnunet_style,BraTS2021_01070,0.8494526163835172,25.29425143365858,0.8001728249510999,0.9968851742260741,0.8872211489243182,3.7416573867739413,0.9024504946337695,0.9980876863513363,0.7430863024183614,2.23606797749979,0.9338693701567325,0.997601965289243
nnunet_style,BraTS2021_01561,0.9162036512076991,2.23606797749979,0.9953803510933169,0.9974768904711235,0.9693366976008867,1.0,0.9854782608695652,0.9996812739768894,0.946848792528127,1.0,0.9629185920474642,0.9996398310417041
nnunet_style,BraTS2021_01175,0.9490868447278293,2.23606797749979,0.9283148524129314,0.9982502686376098,0.9234032638558917,4.58257569495584,0.859208874194918,0.9999361243901772,0.903292604795955,5.0,0.8263991375430444,0.999895161541322
nnunet_style,BraTS2021_01482,0.45227290911855217,108.56887213472642,0.6578658597412962,0.9908171739102318,0.15846416660230023,108.39280418920806,0.6707988980716253,0.9952160417509084,0.13152207471978064,108.06479537758817,0.7279562542720438,0.9966879737849017
nnunet_style,BraTS2021_01037,0.9296693554192712,5.385164807134504,0.9507896898588013,0.9969507155943695,0.9074530531345673,4.242640687119285,0.8885985866427789,0.9993143711902047,0.7947537044460193,2.0,0.8594009382894262,0.9989801923849349
nnunet_style,BraTS2021_00791,0.9453498057096013,3.612356581029388,0.9155664682667215,0.9991199202990528,0.9711620016963813,1.4142135623730951,0.9523395036654481,0.9998817795569098,0.9518444688333462,1.4142135623730951,0.9173664328116568,0.9998788628506754
nnunet_style,BraTS2021_01042,0.9594402614007802,2.23606797749979,0.9669078887428252,0.9977361961555603,0.9538564322021308,3.605551275463989,0.960350500845347,0.9991386160764815,0.8835417188435403,1.4142135623730951,0.9218492462311558,0.9988049428333724
nnunet_style,BraTS2021_00557,0.9731289528211094,1.0,0.9856066099720922,0.9995085674336107,0.9710776262231587,1.0,0.9570664414414415,0.9999733043667915,0.9014483946125651,1.0,0.8439218661103736,0.9999599761137447
nnunet_style,BraTS2021_00506,0.9275737497944779,5.916079783099616,0.9903040188482625,0.9969844824677241,0.9756564573804093,1.7320508075688772,0.991748872955933,0.9994196943879836,0.9169682268264266,1.0,0.9714369970931457,0.9991880718516952
nnunet_style,BraTS2021_01314,0.9414103515379317,2.449489742783178,0.9547229281728735,0.998498838272931,0.6257825647955182,7.0710678118654755,0.955199342375668,0.9984813304012006,0.35380116960413954,8.288500079413252,0.28205128205128205,0.9997334285942451
nnunet_style,BraTS2021_00733,0.964079553723039,2.0,0.9717037634605747,0.999041354566794,0.9716417506961535,1.0,0.9561331169694873,0.9998821184753954,0.9107930595041889,1.0,0.9000290613193839,0.9995880658279171
nnunet_style,BraTS2021_01662,0.9409012359403247,2.23606797749979,0.9892579370138977,0.9966671491008633,0.9732871728858222,1.4142135623730951,0.9736374834034521,0.9994770764589582,0.9333119074402388,1.0,0.9358685143409604,0.9992724927869313
nnunet_style,BraTS2021_00124,0.8661468945437212,14.352700094407323,0.7654155495978552,0.99990209395847,0.9602669516477459,2.23606797749979,0.9502240178178334,0.9990803485927243,0.6247010605487602,12.68857754044952,0.9476220997308037,0.9885859209295923
nnunet_style,BraTS2021_01162,0.8721644760139678,4.358898943540674,0.8812436332410065,0.9955504789428073,0.9051426494641442,4.898979485566356,0.8828429634881247,0.999599187071847,0.8769771529001422,3.3166247903554,0.8461423370405466,0.9995620627654259
nnunet_style,BraTS2021_00419,0.820398706755736,4.898979485566356,0.9735321528424977,0.9964768565971949,0.9167374681398426,15.231546211727817,0.9752098127824402,0.9996790992151801,0.815135135136952,2.8284271247461903,0.9285714285714286,0.9995755928386589
nnunet_style,BraTS2021_00599,0.9647399304357217,1.7320508075688772,0.9766247961725232,0.9982872169944893,0.9655108330365558,1.4142135623730951,0.9579299960050398,0.9997325352200926,0.9382462763121369,1.0,0.9189775741499879,0.999690877912947
nnunet_style,BraTS2021_01536,0.8142406964021308,7.483314773547883,0.9924385254121706,0.9939629521055429,0.5337561256859794,9.433981132056603,0.8589719799591761,0.9960569092346464,0.6674652611483597,13.665568043956272,0.6655518394648829,0.9998153049387942
nnunet_style,BraTS2021_00581,0.9434682641804152,2.8284271247461903,0.9690957677307526,0.9961947847172288,0.9671795940950796,1.7320508075688772,0.9442748211126246,0.9998318567268173,0.936232651530266,1.4142135623730951,0.9003734668760345,0.9996601520263709
vnet,BraTS2021_00583,0.9602692743312137,2.449489742783178,0.9501954173217408,0.9988283930788701,0.9185809673934942,5.0,0.8654962953073894,0.9997161318940336,0.886119224194939,2.23606797749979,0.841311626242748,0.9994391885666187
vnet,BraTS2021_00310,0.9361623413307789,2.449489742783178,0.9631911938686282,0.9972603556380903,0.9565778572363349,1.7320508075688772,0.9678290332827445,0.9990704945640425,0.8844306501293597,2.23606797749979,0.9342774508826169,0.9979023491813388
vnet,BraTS2021_00472,0.8991988778896371,3.605551275463989,0.8287383467992542,0.9996961858075667,0.8718307668380987,4.123105625617661,0.8415073566209589,0.9995456992779763,0.7838831478548098,2.449489742783178,0.7081687612208258,0.999719667743782
vnet,BraTS2021_01230,0.7577820094651901,44.21820864789921,0.959923572963936,0.9970917679449761,0.8023248177585791,6.0,0.8130032607972316,0.9992236770283615,0.6660632520516129,2.23606797749979,0.6739575476780519,0.9992160599987007
vnet,BraTS2021_00222,0.9190892617980538,1.4142135623730951,0.9977193682650094,0.9992220335648643,0.8071654373058103,2.23606797749979,0.8734321550741163,0.9998050367792382,0.8088612229987393,1.7320508075688772,0.8625536899648575,0.9998236442588688
vnet,BraTS2021_00520,0.8532294150395962,7.211102550927978,0.9898854496709725,0.9963321962185749,0.9524188335904519,1.4142135623730951,0.9939809049398091,0.9997588444275627,0.8879535558788973,1.4142135623730951,0.9743589743589743,0.9996293458396281
vnet,BraTS2021_00327,0.9493082142822421,2.0,0.9847038270902738,0.9974848802873513,0.8870070836893168,5.196152422706632,0.9968881282091178,0.9986553052890677,0.9203256760688177,5.196152422706632,0.989010989010989,0.9991446074826968
vnet,BraTS2021_01416,0.9232572518519232,3.605551275463989,0.8896602808296067,0.9973563965392239,0.8066742145196406,13.27967159840151,0.7327699338253771,0.9971780313571528,0.7857896794372695,11.704699910719626,0.926760108810918,0.9942550810238653
vnet,BraTS2021_00099,0.8598821846743958,17.408282896839214,0.8451110263985514,0.9969126215132732,0.9043413644290939,4.123105625617661,0.8521031938385307,0.9998201993603166,0.8407201509673039,2.449489742783178,0.8155551157728083,0.9996242970864075
vnet,BraTS2021_00511,0.9522428440019738,1.4142135623730951,0.9736105425052834,0.9984412925583275,0.9776844584992668,1.4142135623730951,0.9846812461316278,0.9997253739419786,0.9217329653358273,1.0,0.9562864498502601,0.9994626052725107
vnet,BraTS2021_01088,0.902080495937862,5.477225575051661,0.9999479410692904,0.9989109716019323,0.8859264901945167,3.1622776601683795,0.9974271012006861,0.9998457761387338,0.862327909890231,3.0,0.9731638418079096,0.9998431838821117
vnet,BraTS2021_01639,0.9688180845580567,1.7320508075688772,0.9668038313911269,0.9990450452089642,0.951240428790229,5.744562646538029,0.9117329325285926,0.9998751394464084,0.9293804990066918,1.4142135623730951,0.8839697653872582,0.9996867299477771
vnet,BraTS2021_00804,0.9750451977268019,1.4142135623730951,0.9757236668302072,0.998460417071063,0.9793657614886806,1.0,0.9696625874598157,0.9997878549548803,0.96239860510958,1.0,0.9551216943159162,0.999571608531435
vnet,BraTS2021_01605,0.9215997081649036,13.955277102122736,0.9609226422270924,0.9962388291473493,0.16319973772778756,30.298514815086232,0.9983955074207782,0.9864181210221761,0.4751660172357436,19.672315572906,0.969758064516129,0.9974915818465874
vnet,BraTS2021_01421,0.9478709473169374,2.0,0.9595038493193587,0.9972348001485095,0.9325659704646735,14.696938456699069,0.911345305946876,0.9993958240781875,0.8922567592424273,1.4142135623730951,0.9235455376180323,0.9988474627416137
vnet,BraTS2021_00341,0.8502246359817219,3.605551275463989,0.9474805967748422,0.9978898772327859,0.9036522731600549,11.74734012447073,0.9854786847837361,0.9994336674775292,0.8666666666675148,9.433981132056603,0.9821222606689735,0.9994083237921044
vnet,BraTS2021_00311,0.9096833173157927,1.7320508075688772,0.9969173859432799,0.9990084531136612,0.9686315063772658,1.0,0.9780230708035004,0.9998915181821785,0.9403319874386956,1.0,0.9535941765241128,0.9998504081330023
vnet,BraTS2021_01120,0.9411408884096726,30.331501776206203,0.9628510184130514,0.9971757761521273,0.9331788216695447,7.615773105863909,0.8842830962562178,0.9997745236323853,0.9159570754217082,1.4142135623730951,0.8874411764705883,0.9994919001152882
vnet,BraTS2021_01170,0.7752510454301054,6.082762530298219,0.6664416859856599,0.9983781335297703,0.4268421344899027,17.538523452044625,0.49844378161068603,0.9962234023256984,0.4525823890551523,14.805321335067406,0.5007772896248732,0.996917909092212
vnet,BraTS2021_01659,0.9588993874378359,1.4142135623730951,0.9536363449368174,0.9981521879619754,0.9484082109504689,2.23606797749979,0.9042872240153095,0.9999348172687529,0.938247563729204,2.0,0.8906347106911223,0.9998282412424764
vnet,BraTS2021_01159,0.8566026652963461,3.605551275463989,0.9040644736332287,0.9984961689792015,0.5280711506654768,97.06543836814981,0.5792682926829268,0.9998589523292456,0.7285276073827816,2.0,0.5792682926829268,0.9999974812915937
vnet,BraTS2021_01094,0.7804549318144849,63.914786978388,0.9462002709693312,0.9872081984826486,0.29636067354768025,96.32237538599222,0.9976063829787234,0.9847275511451495,0.7259643544484731,97.66626845792763,0.9476788640087384,0.9986996087688051
vnet,BraTS2021_00367,0.9164164191641552,2.23606797749979,0.9508099610398487,0.99716689377579,0.8521683909722643,8.06225774829855,0.9833893129770992,0.9986445631425733,0.8692864775024656,3.605551275463989,0.9725063089387701,0.9989828076649904
vnet,BraTS2021_00306,0.9617885551008095,2.23606797749979,0.9909452577975811,0.9986937685091719,0.945219499057425,2.8284271247461903,0.9082439650532069,0.9998060547739335,0.9024343163540967,1.4142135623730951,0.8499858591572058,0.9997534273160652
vnet,BraTS2021_01394,0.9131535557578561,3.7416573867739413,0.9701906877010262,0.9977050360856241,0.8102871838850383,21.318995940512544,1.0,0.9993799609428629,0.807596570482091,21.18962010041709,0.993422544794738,0.999423440101506
vnet,BraTS2021_01459,0.7175680930567611,63.945680050306926,0.9652929403202329,0.9955650956166721,0.9211457165045245,1.7320508075688772,0.8988130313999495,0.9998263412571838,0.9174437116220295,1.0,0.9154657891750823,0.9998040377101294
vnet,BraTS2021_00134,0.9222889270059346,3.0,0.8589531470880957,0.9998399803153868,0.6226486864549476,10.876531090035648,0.4620483682983683,0.9993438767418639,0.7831860243172614,8.366600265340756,0.7868100717025179,0.9992970263794276
vnet,BraTS2021_01070,0.8496226415094885,25.632011235952593,0.7842635513517858,0.9976998592726197,0.839887665024943,6.164414002968976,0.8061942592250457,0.9983531501665481,0.7710647521002658,2.0,0.9120200431160054,0.9981233715095252
vnet,BraTS2021_01561,0.8664753115577276,66.64833081180653,0.9792834411251412,0.9960032520467605,0.9803197497610994,1.0,0.9810869565217392,0.9998635273119226,0.9664162112933561,1.0,0.9685663757202351,0.9998180351206681
vnet,BraTS2021_01175,0.944797830981846,3.0,0.9298820057408435,0.9975838650664429,0.9048026468712297,5.0990195135927845,0.8263190699439039,0.9999927563741439,0.900743748100546,6.082762530298219,0.8220449859222742,0.9998994206037057
vnet,BraTS2021_01482,0.4244361534737059,107.40879849933148,0.7130648754696904,0.9879132241236721,0.04267578125233722,110.45700519278053,0.3009641873278237,0.9909862604835449,0.04770154055853585,110.1544370418187,0.5269993164730007,0.9927075808249991
vnet,BraTS2021_01037,0.9265656450571849,5.385164807134504,0.9453571816054186,0.9969327389729656,0.8972434271733375,7.0,0.8759331143624962,0.9992484218568792,0.7929191716773784,4.898979485566356,0.8567304222302418,0.9989770373399574
vnet,BraTS2021_00791,0.9426674514884948,3.605551275463989,0.9212999267248583,0.9986293148131963,0.9306696883421756,7.211102550927978,0.9452600630573125,0.9988560887126205,0.9483258101462548,1.4142135623730951,0.911559633027523,0.9998703935160828
vnet,BraTS2021_01042,0.9553372701892665,2.23606797749979,0.9664783746144134,0.9973553127482706,0.941180760010627,4.123105625617661,0.9385714545421492,0.9990962818495236,0.8777354255753773,1.7320508075688772,0.9118391959798995,0.9987976576762971
vnet,BraTS2021_00557,0.9654115493497739,1.4142135623730951,0.9966818291691388,0.9991641330827441,0.8848267927912257,4.123105625617661,0.9743806306306306,0.9995675307420238,0.8951515151525742,1.4142135623730951,0.840318604210127,0.9999477021219597
vnet,BraTS2021_00506,0.9181945589015352,7.677877115768301,0.9907117937565131,0.9965207379570169,0.9739842835646431,3.1622776601683795,0.9690749089215311,0.9997066869980409,0.9204959577767342,1.0,0.925769895100476,0.9995278839755141
vnet,BraTS2021_01314,0.9472768352068179,2.23606797749979,0.9583859838428009,0.998672104961367,0.37966441272537105,33.6013391025789,0.7788738183312782,0.9967843784885185,0.28770898402925393,23.327021701452644,0.26073926073926074,0.9995290950753348
vnet,BraTS2021_00733,0.9569337089744775,4.898979485566356,0.9714959725227043,0.9987191498257358,0.9580344381678921,6.0,0.9361549307014977,0.9998206835605681,0.910262885730307,1.0,0.9165455778359004,0.9994751498619655
vnet,BraTS2021_01662,0.9332804530302756,2.449489742783178,0.9876216583790216,0.9962179862281673,0.9608688497614276,4.123105625617661,0.9340777118359381,0.9998038650628698,0.9385444824445728,1.0,0.9205753962441039,0.9995701093740957
vnet,BraTS2021_00124,0.8838820944039664,14.352700094407323,0.796167128640887,0.9997362131509633,0.9361258717285096,3.3166247903554,0.895751862498813,0.9994266965202625,0.6026482402925937,12.727922061357855,0.934649403922574,0.987735414707319
vnet,BraTS2021_01162,0.8680769085166095,4.58257569495584,0.8687163771983735,0.9957678691386168,0.9059939725417882,4.358898943540674,0.8991492378589153,0.9994937512950548,0.8792700512160527,3.1622776601683795,0.8819011520622413,0.9993494997972416
vnet,BraTS2021_00419,0.7563733333336582,4.69041575982343,0.881143212177695,0.9960451216413923,0.8951409647740746,18.0,0.9859264041316979,0.9995431243063579,0.7943209415300363,16.132260227798703,0.9520824003582624,0.9994598454310205
vnet,BraTS2021_00599,0.959709989353389,2.0,0.9772250792911283,0.997885468862762,0.9569902519543477,2.0,0.9442856703850527,0.9997041677434358,0.9422587670202466,1.0,0.9303110682421027,0.9996569802192963
vnet,BraTS2021_01536,0.7905620192003698,9.433981132056603,0.9976132215491997,0.9928656778598611,0.5698899555153698,11.661903789690601,0.7904063833735386,0.9971477574646685,0.6320619443753351,21.95449840010015,0.52651696129957,0.9999216119798371
vnet,BraTS2021_00581,0.9363782427382751,3.3166247903554,0.9365304058933989,0.9971518119996001,0.9534645891211069,5.0,0.926973241267008,0.9996489143265941,0.9403873177587164,1.4142135623730951,0.908818911004541,0.9996451172773072
